image,category,response,correct,RT,IT,MT,block,trial,pressure,mapping,block_start_global,trial_start_global,fixation_onset_global,stim_onset_global,movement_start_global,response_time_global,timeout_time_global
Nonliving_Things\Furniture\bedside_table.jpg,nonliving,right,1,1.5130458000057843,0.900502200005576,0.6125436000002082,practice,1,normal,left,7.838533000001917,7.838545900012832,8.78282270001364,9.228819900017697,10.116563700023107,10.717618499998935,
Living_Things\Animals\cat.jpg,living,left,1,1.0857519000128377,0.01049559999955818,1.0752563000132795,practice,2,normal,left,7.838533000001917,10.729054700001143,10.749703800014686,11.198131400014972,11.2037788000016,12.267465600016294,
Living_Things\Flowers\bellflowers.jpg,living,left,1,0.9786401000164915,0.016788400011137128,0.9618517000053544,practice,3,normal,left,7.838533000001917,12.279001300019445,12.299542499997187,12.73887320002541,12.749913300009212,13.700604500016198,
Nonliving_Things\Vehicles\car.jpg,nonliving,right,1,1.3041395999898668,0.2928810999728739,1.011258500016993,practice,4,normal,left,7.838533000001917,13.711712800024543,13.732881900010398,14.180255900020711,14.466583900008118,15.467219300015131,
Nonliving_Things\Buildings\house.jpg,nonliving,right,1,1.2049946000042837,0.010044599999673665,1.19495000000461,practice,5,normal,left,7.838533000001917,15.47775879999972,15.49962630000664,15.944094800011953,15.94970860000467,17.133916799997678,
Nonliving_Things\Furniture\Chest_of_drawers.jpg,nonliving,right,1,1.249001699994551,0.18681119999382645,1.0621905000007246,practice,6,normal,left,7.838533000001917,17.1446363000141,17.166558400000213,17.617241400002968,17.800050799996825,18.85081689999788,
Nonliving_Things\Tools\showel.jpg,nonliving,right,1,0.921400299994275,0.011880699981702492,0.9095196000125725,practice,7,normal,left,7.838533000001917,18.862197000009473,18.883340700005647,19.330543999996735,19.336520500015467,20.2340089000063,
Nonliving_Things\Furniture\sofa.jpg,nonliving,right,1,1.0253492000047117,0.012334900005953386,1.0130142999987584,practice,8,normal,left,7.838533000001917,20.245995500008576,20.26633280000533,20.70844539999962,20.716443000012077,21.717590900021605,
Nonliving_Things\Tools\handsaw.jpg,nonliving,right,1,0.9308377999986988,0.01848460000474006,0.9123531999939587,practice,9,normal,left,7.838533000001917,21.72944070000085,21.74977910000598,22.186897600011434,22.199651900009485,23.101295800006483,
Nonliving_Things\Furniture\couch.jpg,nonliving,right,1,0.8912914000102319,0.013671900000190362,0.8776195000100415,practice,10,normal,left,7.838533000001917,23.112005400005728,23.134372900007293,23.576982400001725,23.583508100011386,24.450983200018527,
Nonliving_Things\Musical_Inst\bugle.jpg,nonliving,right,1,1.0905002999934368,0.5622277999937069,0.5282724999997299,1,1,normal,left,26.49368830001913,26.493698900012532,27.516783900005976,27.96097060001921,28.51757520000683,29.034729100007098,
Living_Things\Birds\duck.jpg,living,left,1,1.0917140000092331,0.014444600004935637,1.0772694000042975,1,2,normal,left,26.49368830001913,29.045808800001396,29.067178199999034,29.510088500013808,29.518190500006313,30.584715300006792,
Nonliving_Things\Kitchen_Uten\small_saucepan.jpg,nonliving,right,1,1.008596600004239,0.01285440000356175,0.9957422000006773,1,3,normal,left,26.49368830001913,30.595421800011536,30.617178300017258,31.0600998000009,31.067276800022228,32.051448600017466,
Nonliving_Things\Kitchen_Uten\pot.jpg,nonliving,right,1,1.1725232999888249,0.011145500000566244,1.1613777999882586,1,4,normal,left,26.49368830001913,32.06296250000014,32.08405960001983,32.5280017000041,32.53383540001232,33.68464620001032,
Nonliving_Things\Clothing\shoe.jpg,nonliving,right,1,0.9284517000196502,0.01634950001607649,0.9121022000035737,1,5,normal,left,26.49368830001913,33.695186099997954,33.7172436999972,34.15723400001298,34.167387100023916,35.0680621000065,
Nonliving_Things\Musical_Inst\piano_.jpg,nonliving,right,1,1.1588312000094447,0.013899799989303574,1.1449314000201412,1,6,normal,left,26.49368830001913,35.07947290001903,35.10063000000082,35.54325210000388,35.55054360002396,36.684751000022516,
Nonliving_Things\Vehicles\van.jpg,nonliving,right,1,0.8749766999972053,0.016278800001600757,0.8586978999956045,1,7,normal,left,26.49368830001913,36.69545670002117,36.71747130001313,37.17932049999945,37.1866519000032,38.034859900013544,
Living_Things\Animals\cheetah.jpg,living,left,1,1.256941600004211,0.34575179999228567,0.9111898000119254,1,8,normal,left,26.49368830001913,38.04530510000768,38.067432300013024,38.512011700018775,38.851204800012056,39.75146320002386,
Nonliving_Things\Tools\nail.jpg,nonliving,right,1,1.344369500002358,0.7824829999881331,0.561886500014225,1,9,normal,left,26.49368830001913,39.76235960001941,39.784230500023114,40.22627390001435,41.00099650002085,41.55166860000463,
Living_Things\Animals\lynx.jpg,living,right,0,1.6594787999929395,0.01523079999606125,1.6442479999968782,1,10,normal,left,26.49368830001913,41.56287400002475,41.58463650001795,42.026000100013334,42.03417420000187,43.66815390001284,
Nonliving_Things\Kitchen_Uten\NT_(Churrera).jpg,nonliving,right,1,1.0612165000056848,0.015041900012874976,1.0461745999928098,1,11,normal,left,26.49368830001913,43.67840730000171,43.700698500004364,44.141756400000304,44.15097909999895,45.18514539999887,
Living_Things\Birds\partridge.jpg,living,left,1,1.0450901000003796,0.01784300000872463,1.027247099991655,1,12,normal,left,26.49368830001913,45.197191700019175,45.21774700001697,45.65730230000918,45.66770489999908,46.68448220001301,
Nonliving_Things\Kitchen_Uten\cup.jpg,nonliving,right,1,0.8680266999872401,0.01023929999792017,0.85778739998932,1,13,normal,left,26.49368830001913,46.694929500023136,46.717768200003775,47.16803030000301,47.17212550001568,48.01812860000064,
Nonliving_Things\Kitchen_Uten\frying_pan.jpg,nonliving,right,1,0.9588852000015322,0.014764499996090308,0.9441207000054419,1,14,normal,left,26.49368830001913,48.029908700002125,48.050788000022294,48.491876400017645,48.501018600014504,49.434827300021425,
Nonliving_Things\Kitchen_Uten\saucepan.jpg,nonliving,right,1,1.1767066000029445,0.015820300002815202,1.1608863000001293,1,15,normal,left,26.49368830001913,49.44509990001097,49.46792860000278,49.90872400000808,49.91812330001267,51.06816080000135,
Living_Things\Insects\grasshopper.jpg,living,left,1,1.085148999991361,0.02318569997441955,1.0619633000169415,1,16,normal,left,26.49368830001913,51.07897650002269,51.10104639999918,51.55287870002212,51.567456899996614,52.61799890000839,
Living_Things\Birds\pheasant.jpg,living,left,1,0.8483388000167906,0.02100920001976192,0.8273295999970287,1,17,normal,left,26.49368830001913,52.62940520001575,52.650797800015425,53.104143800010206,53.11853259999771,53.93505339999683,
Nonliving_Things\Musical_Inst\violin.jpg,nonliving,right,1,0.9947025000001304,0.017323799984296784,0.9773787000158336,1,18,normal,left,26.49368830001913,53.94580440002028,53.96818000002531,54.40764570000465,54.41854300000705,55.385315899999114,
Living_Things\Trees\pine_tree.jpg,living,left,1,0.9305385000188835,0.023111300019081682,0.9074271999998018,1,19,normal,left,26.49368830001913,55.395882100012386,55.418230700015556,55.87865110000712,55.888683299999684,56.785089700017124,
Nonliving_Things\Musical_Inst\saxophone.jpg,nonliving,right,1,0.9427376000094227,0.013423600001260638,0.9293140000081621,1,20,normal,left,26.49368830001913,56.7960802000016,56.8175995000056,57.26123530001496,57.26756160001969,58.185395300009986,
Nonliving_Things\Clothing\undershirt.jpg,nonliving,right,1,1.19120249999105,0.06295749999117106,1.128244999999879,1,21,normal,left,26.49368830001913,58.19685870001558,58.21793020001496,58.66053780002403,58.718045200017514,59.83547340001678,
Nonliving_Things\Buildings\pagoda.jpg,nonliving,right,1,1.1423226000042632,0.013827299990225583,1.1284953000140376,1,22,normal,left,26.49368830001913,59.846234900003765,59.86761510002543,60.30972610000754,60.31792480000877,61.43538150002132,
Nonliving_Things\Clothing\jacket.jpg,nonliving,right,1,1.0598272000206634,0.015412300010211766,1.0444149000104517,1,23,normal,left,26.49368830001913,61.44638930002111,61.4680204000033,61.90875830000732,61.91780710002058,62.952063900011126,
Living_Things\Insects\bee.jpg,living,left,1,1.2407615999982227,0.012084899994079024,1.2286767000041436,1,24,normal,left,26.49368830001913,62.96221990001504,62.98498280000058,63.42859920000774,63.43487130000722,64.6520343000011,
Living_Things\Trees\fig_tree.jpg,living,left,1,0.9238795999845024,0.012985399982426316,0.9108942000020761,1,25,normal,left,26.49368830001913,64.66351250000298,64.68471010000212,65.1286426000006,65.13459370000055,66.03484259999823,
Living_Things\Birds\toucan.jpg,living,left,1,1.3441745000018273,0.015381500008516014,1.3287929999933112,1,26,normal,left,26.49368830001913,66.04546439999831,66.06785730001866,66.50975980001385,66.51802489999682,67.83529440002167,
Living_Things\Trees\eucalyptus.jpg,living,left,1,1.1853830000036396,0.011551900010090321,1.1738310999935493,1,27,normal,left,26.49368830001913,67.84679300000425,67.86799900000915,68.31587360001868,68.3218765000056,69.48533480000333,
Nonliving_Things\Clothing\biretta.jpg,nonliving,right,1,1.0844061000098009,0.02337080001598224,1.0610352999938186,1,28,normal,left,26.49368830001913,69.49568620001082,69.51794230000814,69.96969910000917,69.98522530001355,71.03558690001955,
Living_Things\Insects\ant.jpg,living,left,1,1.5435829999914858,0.09980599998380058,1.4437770000076853,1,29,normal,left,26.49368830001913,71.04620420001447,71.06801170000108,71.50854880001862,71.6018333999964,73.03510330000427,
Nonliving_Things\Buildings\skyscraper.jpg,nonliving,right,1,1.2577206999994814,0.013297800003783777,1.2444228999956977,1,30,normal,left,26.49368830001913,73.04559680001694,73.06792870000936,73.51040369999828,73.51817230001325,74.75219480000669,
Living_Things\Animals\cow.jpg,living,left,1,0.9269442000077106,0.44943550002062693,0.4775086999870837,2,1,pressure,left,76.63962230001925,76.6396320000058,77.93482680001762,78.3753177000035,78.81863720002002,79.28524530000868,
Living_Things\Flowers\araceae.jpg,living,right,0,0.8270863000070676,0.01594039998599328,0.8111459000210743,2,2,pressure,left,76.63962230001925,79.29610790000879,79.31816150000668,79.75896649999777,79.76819470000919,80.56894490000559,
Nonliving_Things\Musical_Inst\balalaika.jpg,nonliving,left,0,1.0736029999970924,0.012864899996202439,1.06073810000089,2,3,pressure,left,76.63962230001925,80.57930179999676,80.60151290000067,81.04558440000983,81.05192920000991,82.10218040001928,
Nonliving_Things\Clothing\skirt.jpg,nonliving,right,1,0.907394200010458,0.013401600008364767,0.8939926000020932,2,4,pressure,left,76.63962230001925,82.11262920001172,82.13486400002148,82.57879890000913,82.58545589999994,83.46875160001218,
Nonliving_Things\Buildings\tower.jpg,nonliving,right,1,0.8673068000061903,0.05612150000524707,0.8111853000009432,2,5,pressure,left,76.63962230001925,83.47938580001937,83.50171260000207,83.95372119999956,84.0018331000174,84.80228689999785,
Living_Things\Trees\olive_tree.jpg,living,left,1,1.1089427999977488,0.498084499995457,0.6108583000022918,2,6,pressure,left,76.63962230001925,84.81296999999904,84.83496450001257,85.27685920000658,85.76864130000467,86.36899670001003,
Living_Things\Birds\kiwi.jpg,living,left,1,0.7596518000063952,0.014684900001157075,0.7449669000052381,2,7,pressure,left,76.63962230001925,86.37946490000468,86.4020444000198,86.84400050001568,86.85149640002055,87.58555800002068,
Living_Things\Birds\goldfinch.jpg,living,left,1,0.72287390002748,0.011666200007312,0.711207700020168,2,8,pressure,left,76.63962230001925,87.59644600001047,87.6189370000211,88.06207149999682,88.06829590001144,88.76892100000987,
Nonliving_Things\Tools\screw.jpg,nonliving,right,1,1.2736576000170317,0.012907500000437722,1.260750100016594,2,9,pressure,left,76.63962230001925,88.77948040000047,88.80152450001333,89.24542410002323,89.2516468000249,90.50196809999761,
Nonliving_Things\Tools\nut.jpg,nonliving,right,1,0.7940660000022035,0.014519600023049861,0.7795463999791536,2,10,pressure,left,76.63962230001925,90.51237730000867,90.53481930002454,90.97688820000621,90.9851772999973,91.75437530002091,
Living_Things\Animals\crocodile.jpg,living,left,1,0.770577500021318,0.026603100006468594,0.7439744000148494,2,11,pressure,left,76.63962230001925,91.76467740000226,91.78489880001871,92.23098350001965,92.25229610002134,92.98549960000673,
Living_Things\Animals\armadillo.jpg,living,,0,1.5303057000273839,0.013623600010760128,1.5166821000166237,2,12,pressure,left,76.63962230001925,92.99623099999735,93.01832240002113,93.46054840000579,93.4686385000241,,94.7849071000237
Living_Things\Birds\raven.jpg,living,left,1,0.8881119000143372,0.012922399997478351,0.8751895000168588,2,13,pressure,left,76.63962230001925,94.9854024000233,95.95252050002455,96.39830070000608,96.40537040002528,97.26931480001076,
Living_Things\Animals\snake.jpg,living,left,1,0.6483613000018522,0.020012299995869398,0.6283490000059828,2,14,pressure,left,76.63962230001925,97.28052339999704,97.30158600001596,97.73871320000035,97.75209390002419,98.36923070001649,
Living_Things\Flowers\tulip.jpg,living,left,1,0.7602997999929357,0.014812499983236194,0.7454873000096995,2,15,pressure,left,76.63962230001925,98.38041569999768,98.40169040000183,98.84366130002309,98.85172690000036,99.58590710000135,
Nonliving_Things\Furniture\lectern.jpg,nonliving,right,1,0.8233754999819212,0.013395499991020188,0.809979999990901,2,16,pressure,left,76.63962230001925,99.59719240001868,99.61890940001467,100.06146430000081,100.06921010001679,100.8690273000102,
Living_Things\Flowers\lilac.jpg,living,left,1,0.7214936999953352,0.012730799993732944,0.7087629000016022,2,17,pressure,left,76.63962230001925,100.8791536000208,100.90209320001304,101.34896610002033,101.35576610002317,102.05259639999713,
Living_Things\Insects\butterfly.jpg,living,left,1,0.7112217000103556,0.016604000004008412,0.6946177000063471,2,18,pressure,left,76.63962230001925,102.06450110001606,102.08504550001817,102.52488360001007,102.5355314000044,103.21928370001842,
Nonliving_Things\Tools\pliers.jpg,nonliving,right,1,0.7766019999980927,0.03242149998550303,0.7441805000125896,2,19,pressure,left,76.63962230001925,103.23010539999814,103.25194700001157,103.69268860001466,103.71937730000354,104.45288720002281,
Living_Things\Insects\termite.jpg,living,left,1,0.725731899990933,0.03159629998845048,0.6941356000024825,2,20,pressure,left,76.63962230001925,104.46351620001951,104.48508750001201,104.92832259999705,104.95247760001803,105.63592610001797,
Nonliving_Things\Tools\hammer.jpg,nonliving,right,1,0.6870878000045195,0.011959700001170859,0.6751281000033487,2,21,pressure,left,76.63962230001925,105.64657400001306,105.6685695000051,106.11620940000284,106.12254690000555,106.78579910000553,
Living_Things\Trees\palm_tree.jpg,living,left,1,1.0739107999834232,0.012445000000298023,1.0614657999831252,2,22,pressure,left,76.63962230001925,106.7976411000127,106.81911080001737,107.26224310000543,107.26883050001925,108.31941070000175,
Living_Things\Birds\hen.jpg,living,left,1,0.8745485000254121,0.01351660001091659,0.8610319000144955,2,23,pressure,left,76.63962230001925,108.33025369999814,108.35215800002334,108.7949783000222,108.80231340002501,109.65247510001063,
Nonliving_Things\Furniture\bed.jpg,nonliving,right,1,0.834039200010011,0.009703999996418133,0.8243352000135928,2,24,pressure,left,76.63962230001925,109.66330190000008,109.68517050001537,110.13466260000132,110.1390680000186,110.95283100000233,
Nonliving_Things\Musical_Inst\maracas.jpg,nonliving,right,1,0.8566724999982398,0.013152800005627796,0.843519699992612,2,25,pressure,left,76.63962230001925,110.96339240000816,110.98518480002531,111.42852750001475,111.43602069999906,112.26911829999881,
Nonliving_Things\Tools\screwdriver.jpg,nonliving,right,1,0.7536865999863949,0.013600099977338687,0.7400865000090562,2,26,pressure,left,76.63962230001925,112.27949230000377,112.30208340001991,112.74854430000414,112.75616280001123,113.4858953000221,
Nonliving_Things\Clothing\bathrobe.jpg,nonliving,right,1,1.1275992000009865,0.014996999991126359,1.11260220000986,2,27,pressure,left,76.63962230001925,113.49621680000564,113.51848330002395,113.96102610000526,113.96905549999792,115.06957580000744,
Living_Things\Flowers\rose.jpg,living,left,1,0.8404033999831881,0.013051299989456311,0.8273520999937318,2,28,pressure,left,76.63962230001925,115.08181280002464,115.10206299999845,115.54653260001214,115.55274050001753,116.36963760000071,
Nonliving_Things\Vehicles\train.jpg,nonliving,right,1,0.790321300009964,0.016207000007852912,0.7741143000021111,2,29,pressure,left,76.63962230001925,116.38006360002328,116.40205309999874,116.84963650000282,116.85602740000468,117.6196123000118,
Nonliving_Things\Vehicles\paragliding.jpg,nonliving,left,0,0.8959478999895509,0.01646529999561608,0.8794825999939349,2,30,pressure,left,76.63962230001925,117.63011990001542,117.65206990001025,118.09158279999974,118.10229840001557,118.96980680001434,
Nonliving_Things\Furniture\table.jpg,nonliving,right,1,0.9645113000005949,0.5356202000111807,0.4288910999894142,3,1,normal,left,123.75173290001112,123.75174390000757,124.83525400000508,125.28915630001575,125.81866840002476,126.23627020002459,
Living_Things\Insects\scorpion.jpg,living,left,1,1.1813171000103466,0.01850840001134202,1.1628086999990046,3,2,normal,left,123.75173290001112,126.24749680000241,126.26852550002513,126.72337350001908,126.73538090000511,127.88610580001841,
Nonliving_Things\Tools\pincers.jpg,nonliving,right,1,0.8118431999755558,0.016162399988388643,0.7956807999871671,3,3,normal,left,123.75173290001112,127.89814780000597,127.91841800001566,128.36061800000607,128.3684048000141,129.15277820001938,
Nonliving_Things\Buildings\pyramid.jpg,nonliving,right,1,1.3998355999938212,0.1211823999765329,1.2786532000172883,3,4,normal,left,123.75173290001112,129.16407840000466,129.18508340002154,129.63743870001053,129.75223430001643,131.02013210000587,
Living_Things\Animals\rhino.jpg,living,left,1,0.9837572000105865,0.022836499992990866,0.9609207000175957,3,5,normal,left,123.75173290001112,131.03084390002186,131.05195230001118,131.50291080001625,131.5187786000024,132.4694954000006,
Living_Things\Birds\ostrich.jpg,living,left,1,1.1095031000149902,0.1137880000169389,0.9957150999980513,3,6,normal,left,123.75173290001112,132.47968129999936,132.50203140001395,132.94345240000985,133.0521678000223,134.0361319000076,
Living_Things\Birds\magpie.jpg,living,left,1,1.396406299987575,0.017397899995557964,1.379008399992017,3,7,normal,left,123.75173290001112,134.0478393000085,134.06854710000334,134.50799810001627,134.5185543000116,135.88615880001453,
Nonliving_Things\Vehicles\ship.jpg,nonliving,right,1,1.9900984000123572,0.11080910000600852,1.8792893000063486,3,8,normal,left,123.75173290001112,135.8975591000053,135.9185796000238,136.36280760000227,136.46891630001483,138.3363903000136,
Living_Things\Trees\willow.jpg,living,left,1,1.0319278000097256,0.020052700012456626,1.011875099997269,3,9,normal,left,123.75173290001112,138.34814490002464,138.3689598000201,138.81946970001445,138.83536399999866,139.83625580000808,
Living_Things\Insects\praying_mantis.jpg,living,left,1,0.9198053000145592,0.22517440002411604,0.6946308999904431,3,10,normal,left,123.75173290001112,139.84722019999754,139.86865850002505,140.31476860001567,140.53564100002404,141.21947480001836,
Living_Things\Insects\centipede.jpg,living,left,1,1.0227101000200491,0.010128100024303421,1.0125819999957457,3,11,normal,left,123.75173290001112,141.23018860002048,141.2519992000016,141.69596959999762,141.70217180001782,142.70273310001357,
Nonliving_Things\Vehicles\cart.jpg,nonliving,right,1,0.9578718999982812,0.09556360001442954,0.8623082999838516,3,12,normal,left,123.75173290001112,142.71472850002465,142.7353737000085,143.17911620001541,143.2691675000242,144.11952010000823,
Living_Things\Animals\horse.jpg,living,left,1,1.4735625000030268,0.0111105999967549,1.462451900006272,3,13,normal,left,123.75173290001112,144.13146520001465,144.1525879999972,144.59708750000573,144.60210550000193,146.0532632000104,
Nonliving_Things\Vehicles\scooter.jpg,nonliving,right,1,1.2310661999799777,0.018287099985172972,1.2127790999948047,3,14,normal,left,123.75173290001112,146.06454230000963,146.08570779999718,146.52081129999715,146.53559280000627,147.736587100022,
Nonliving_Things\Kitchen_Uten\fork.jpg,nonliving,right,1,0.8551919999881648,0.009969499980797991,0.8452225000073668,3,15,normal,left,123.75173290001112,147.7483460000076,147.7689318000048,148.2129302000103,148.21909260001848,149.05328660001396,
Nonliving_Things\Kitchen_Uten\sharpening_steel.jpg,nonliving,right,1,1.0045427000150084,0.05886530000134371,0.9456774000136647,3,16,normal,left,123.75173290001112,149.0642741000047,149.08603780000703,149.53191760001937,149.58593030000338,150.5199971999973,
Living_Things\Animals\zebra.jpg,living,left,1,0.9858791999868117,0.011785799986682832,0.9740934000001289,3,17,normal,left,123.75173290001112,150.53153840001323,150.55219320001197,151.0026455000043,151.00794930002303,151.97035250000772,
Nonliving_Things\Buildings\church.jpg,nonliving,right,1,1.022954199986998,0.011812999990070239,1.0111411999969278,3,18,normal,left,123.75173290001112,151.9819919000147,152.0022763000161,152.44587490000413,152.45249210001202,153.4533315000008,
Living_Things\Animals\lioness.jpg,living,left,1,1.2278576999960933,0.014994400000432506,1.2128632999956608,3,19,normal,left,123.75173290001112,153.46359369999846,153.48570469999686,153.9267445000005,153.93565210001543,155.13648890002514,
Living_Things\Trees\black_poplar.jpg,living,left,1,1.392362399987178,0.014339899993501604,1.3780224999936763,3,20,normal,left,123.75173290001112,155.14850239999942,155.16890910000075,155.61003290000372,155.61920340001234,156.98658670001896,
Nonliving_Things\Vehicles\tractor.jpg,nonliving,right,1,1.040642099978868,0.14507079997565597,0.895571300003212,3,21,normal,left,123.75173290001112,156.99719160000677,157.01911930000642,157.4628050000174,157.60247370001161,158.4864875000203,
Nonliving_Things\Musical_Inst\clarinet.jpg,nonliving,right,1,0.8750541000044905,0.063063699984923,0.8119904000195675,3,22,normal,left,123.75173290001112,158.49800940000569,158.51924350002082,158.96215590002248,159.01922220000415,159.82007129999693,
Nonliving_Things\Musical_Inst\trumpet.jpg,nonliving,right,1,0.9049923000275157,0.009773199999472126,0.8952191000280436,3,23,normal,left,123.75173290001112,159.83119100000476,159.85238220001338,160.2968250999984,160.30259790000855,161.18681710000965,
Nonliving_Things\Musical_Inst\tuba.jpg,nonliving,right,1,0.7930667000182439,0.014430600014748052,0.7786361000034958,3,24,normal,left,123.75173290001112,161.1977901000064,161.21924190002028,161.66098670000792,161.66905009999755,162.43677770000068,
Nonliving_Things\Buildings\granary.jpg,nonliving,right,1,0.7263842000102159,0.013837500009685755,0.7125467000005301,3,25,normal,left,123.75173290001112,162.44767950000823,162.46911570001976,162.90963660000125,162.91926789999707,163.61984190001385,
Living_Things\Insects\fly.jpg,living,left,1,0.7996109999949113,0.007957099995110184,0.7916538999998011,3,26,normal,left,123.75173290001112,163.63178550000885,163.652470800007,164.1013048000168,164.10533920000307,164.8863586000225,
Nonliving_Things\Kitchen_Uten\teapot.jpg,nonliving,right,1,0.9975630000117235,0.08561720000579953,0.911945800005924,3,27,normal,left,123.75173290001112,164.89697070000693,164.91917660000036,165.3773371000134,165.45296340002096,166.35347920001368,
Nonliving_Things\Tools\trowel.jpg,nonliving,right,1,0.8164851999899838,0.021076600009109825,0.795408599980874,3,28,normal,left,123.75173290001112,166.36486500001047,166.38579100000788,166.83923920002417,166.85338750001392,167.63687870002468,
Nonliving_Things\Furniture\chair.jpg,nonliving,right,1,0.8475213999918196,0.3854793999926187,0.4620419999992009,3,29,normal,left,123.75173290001112,167.64871310000308,167.6691641000216,168.0877287000185,168.4694980000204,168.92062710001483,
Nonliving_Things\Musical_Inst\flute.jpg,nonliving,right,1,0.8447565999813378,0.06655679998220876,0.778199799999129,3,30,normal,left,123.75173290001112,168.93149129999802,168.95262060000096,169.39123390000896,169.4531299000082,170.22036760000628,
Living_Things\Insects\beetle.jpg,living,left,1,0.7370892000035383,0.47560710000107065,0.26148210000246763,4,1,pressure,left,173.9297252999968,173.92973620002158,174.82042860001093,175.26851590001024,175.7368777000229,175.98746270002448,
Nonliving_Things\Clothing\shirt.jpg,nonliving,right,1,0.5682083000137936,0.010657000006176531,0.5575513000076171,4,2,pressure,left,173.9297252999968,175.99833190001664,176.0201915000216,176.4690201000194,176.47408949999954,177.02095860001282,
Living_Things\Flowers\pansy.jpg,living,left,1,0.6604881000239402,0.4491420000267681,0.21134609999717213,4,3,pressure,left,173.9297252999968,177.0316204999981,177.05316950002452,177.49380860000383,177.93718040001113,178.13742100002128,
Living_Things\Animals\hippopotamus.jpg,living,left,1,0.6094694999919739,0.014198999997461215,0.5952704999945126,4,4,pressure,left,173.9297252999968,178.14848350000102,178.16985659999773,178.61280550001538,178.61988929999643,179.204390400002,
Nonliving_Things\Furniture\filling_cabinet.jpg,nonliving,right,1,0.8973914999805856,0.019291099975816905,0.8781004000047687,4,5,pressure,left,173.9297252999968,179.21514320001006,179.23675589999766,179.6723350000102,179.68687020000652,180.55430530000012,
Living_Things\Animals\platypus.jpg,living,left,1,0.6408271000254899,0.011936399998376146,0.6288907000271138,4,6,pressure,left,173.9297252999968,180.56495460000588,180.5868812999979,181.03053530000034,181.0368113000004,181.6541511999967,
Nonliving_Things\Kitchen_Uten\fondue.jpg,nonliving,right,1,0.650153099995805,0.009864299994660541,0.6402888000011444,4,7,pressure,left,173.9297252999968,181.6656749000249,181.686772200017,182.1363687000121,182.14058550001937,182.77058160002343,
Nonliving_Things\Buildings\mill.jpg,nonliving,right,1,0.6548367999785114,0.012839299975894392,0.641997500002617,4,8,pressure,left,173.9297252999968,182.7808600999997,182.80346600001212,183.2491779999982,183.2561573999992,183.88737010001205,
Nonliving_Things\Buildings\shanty.jpg,nonliving,right,1,0.6579680000140797,0.013147100020432845,0.6448208999936469,4,9,pressure,left,173.9297252999968,183.89812410000013,183.9205343000067,184.3636478999979,184.37054130001343,185.0043580000056,
Living_Things\Birds\seagull.jpg,living,left,1,0.6089407999825198,0.015003699983935803,0.593937099998584,4,10,pressure,left,173.9297252999968,185.01531370001612,185.03750970002147,185.4831882000144,185.490864100022,186.07303800000227,
Living_Things\Animals\elephant.jpg,living,left,1,0.6543915999936871,0.012956399994436651,0.6414351999992505,4,11,pressure,left,173.9297252999968,186.08478430000832,186.1033555000031,186.5492712999985,186.55665920002502,187.18762040001457,
Nonliving_Things\Buildings\castle.jpg,nonliving,right,1,0.6269146999984514,0.01440129999537021,0.6125134000030812,4,12,pressure,left,173.9297252999968,187.1980584000121,187.22011070000008,187.66200360000948,187.6706172999984,188.27124520001234,
Living_Things\Insects\moth.jpg,living,left,1,0.6763511000026483,0.015638799988664687,0.6607123000139836,4,13,pressure,left,173.9297252999968,188.28309400001308,188.30350740000722,188.74448180000763,188.75405879999744,189.40429800000857,
Living_Things\Insects\ladybird.jpg,living,left,1,0.6429094999912195,0.013473099999828264,0.6294363999913912,4,14,pressure,left,173.9297252999968,189.41469600002165,189.43692040001042,189.87888410000596,189.88696360000176,190.50441250001313,
Nonliving_Things\Clothing\socks.jpg,nonliving,right,1,0.653481900022598,0.011008800007402897,0.6424731000151951,4,15,pressure,left,173.9297252999968,190.51637369999662,190.53672870001174,190.98510380001971,190.99073980000685,191.6211433999997,
Living_Things\Flowers\poppy.jpg,living,left,1,0.5721762999892235,0.011515899997903034,0.5606603999913204,4,16,pressure,left,173.9297252999968,191.63320120002027,191.65357910000603,192.09794930001954,192.1038194000139,192.65434780000942,
Nonliving_Things\Musical_Inst\drum.jpg,nonliving,right,1,0.6092248999921139,0.01574360000086017,0.5934812999912538,4,17,pressure,left,173.9297252999968,192.6644457000075,192.68706470000325,193.12897940000403,193.13813750000554,193.72092910000356,
Nonliving_Things\Vehicles\boat.jpg,nonliving,right,1,1.1151896999799646,0.020606599980965257,1.0945830999989994,4,18,pressure,left,173.9297252999968,193.73157260002336,193.75447970000096,194.20781610000995,194.22045829999843,195.30455160001293,
Living_Things\Animals\dromedary.jpg,living,left,1,0.7055190999817569,0.0264154999749735,0.6791036000067834,4,19,pressure,left,173.9297252999968,195.3150016000145,195.33759190002456,195.807627400005,195.82059390001814,196.48762140001054,
Living_Things\Insects\wasp.jpg,living,left,1,1.2608564000111073,0.015362600010121241,1.245493800000986,4,20,pressure,left,173.9297252999968,196.49966060000588,196.52017270002398,196.96092630000203,196.97078950001742,198.20452640001895,
Living_Things\Birds\pelican.jpg,living,left,1,0.6778874999727122,0.01638329998240806,0.6615041999903042,4,21,pressure,left,173.9297252999968,198.21623990000808,198.23702190001495,198.67729500000132,198.68739560001995,199.3377646000008,
Living_Things\Birds\pigeon.jpg,living,left,1,0.6922453000152018,0.013911900023231283,0.6783333999919705,4,22,pressure,left,173.9297252999968,199.34888380000484,199.3708759000001,199.81257310000365,199.82066480000503,200.4877405000152,
Nonliving_Things\Furniture\lamp.jpg,nonliving,right,1,0.761780800006818,0.017020100000081584,0.7447607000067364,4,23,pressure,left,173.9297252999968,200.4989700000151,200.52047129999846,200.9423899000103,200.9538401000027,201.68772090002312,
Nonliving_Things\Clothing\clog.jpg,nonliving,right,1,0.7609822000085842,0.016210900008445606,0.7447713000001386,4,24,pressure,left,173.9297252999968,201.6985740000091,201.72040940000443,202.1612773000088,202.1707488000102,202.9047031000082,
Nonliving_Things\Kitchen_Uten\coking_pot.jpg,nonliving,right,1,0.6299506000068504,0.01814060000469908,0.6118100000021514,4,25,pressure,left,173.9297252999968,202.91550270002335,202.9377468000166,203.37401210001553,203.38724660000298,203.98804830000154,
Nonliving_Things\Furniture\bookcase.jpg,nonliving,right,1,0.7919820999959484,0.013444300013361499,0.7785377999825869,4,26,pressure,left,173.9297252999968,203.99903610002366,204.0204169000208,204.46314690000145,204.47068490000675,205.23765690001892,
Nonliving_Things\Musical_Inst\harp.jpg,nonliving,right,1,0.77172759998939,0.01228540000738576,0.7594421999820042,4,27,pressure,left,173.9297252999968,205.24918750001234,205.2708233000012,205.71693330002017,205.72381990001304,206.47240930001135,
Nonliving_Things\Furniture\stool.jpg,nonliving,right,1,0.6563099999912083,0.011496899998746812,0.6448130999924615,4,28,pressure,left,173.9297252999968,206.4832369000069,206.50431240000762,206.94803260001936,206.95396100002108,207.58808790001785,
Nonliving_Things\Clothing\glove.jpg,nonliving,right,1,0.7112033999874257,0.015609699999913573,0.6955936999875121,4,29,pressure,left,173.9297252999968,207.5987463000056,207.62112779999734,208.0605456000194,208.07095419999678,208.75490150001133,
Nonliving_Things\Clothing\cap.jpg,nonliving,right,1,0.6528145000047516,0.012303099996643141,0.6405114000081085,4,30,pressure,left,173.9297252999968,208.76651919999858,208.7878716000123,209.2343693000148,209.2411420000135,209.87097620000714,
Living_Things\Birds\barn_owl.jpg,living,left,1,0.7586850000079721,0.014432700001634657,0.7442523000063375,5,1,normal,left,214.5207649000222,214.52077640002244,215.33731440000702,215.77956530000665,215.787542200007,216.52142260002438,
Living_Things\Animals\kangaroo.jpg,living,left,1,1.1223392999963835,0.01161859999410808,1.1107207000022754,5,2,normal,left,214.5207649000222,216.53176080001867,216.55400880001253,216.99766120000277,217.00414810000802,218.10470590001205,
Living_Things\Birds\goose.jpg,living,left,1,0.7192478000069968,0.010884200019063428,0.7083635999879334,5,3,normal,left,214.5207649000222,218.1148444999999,218.13728940000874,218.5858146000246,218.5912458000239,219.28833880001912,
Living_Things\Trees\cedar.jpg,living,left,1,1.059915899997577,0.014809299987973645,1.0451066000096034,5,4,normal,left,214.5207649000222,219.29964660000405,219.32134100000258,219.76184520000243,219.77085560001433,220.80491550001898,
Nonliving_Things\Furniture\wardrobe.jpg,nonliving,right,1,1.14965310000116,0.010590299993054941,1.1390628000081051,5,5,normal,left,214.5207649000222,220.8159338000114,220.83777770001325,221.28853790002177,221.2929447000206,222.42151260000537,
Living_Things\Trees\fir.jpg,living,left,1,0.9497945999901276,0.021060600003693253,0.9287339999864344,5,6,normal,left,214.5207649000222,222.43199189999723,222.45448840002064,222.90608420001809,222.92102989999694,223.83825729999808,
Living_Things\Birds\sparrow.jpg,living,left,1,0.8879663000116125,0.026769400021294132,0.8611968999903183,5,7,normal,left,214.5207649000222,223.84973350001383,223.8707789000182,224.31691410002531,224.3383545000106,225.18845580000198,
Nonliving_Things\Musical_Inst\tambourine.jpg,nonliving,right,1,0.8298765999788884,0.018434500001603737,0.8114420999772847,5,8,normal,left,214.5207649000222,225.19951050000964,225.22109890001593,225.6593146000232,225.6712380000099,226.47184830001788,
Nonliving_Things\Vehicles\bus.jpg,nonliving,right,1,0.8078354999888688,0.011646200000541285,0.7961892999883275,5,9,normal,left,214.5207649000222,226.48265119999996,226.50476840001647,226.94979559999774,226.9543307000131,227.738651200023,
Living_Things\Insects\spider.jpg,living,left,1,0.8318330000038259,0.02002080000238493,0.8118122000014409,5,10,normal,left,214.5207649000222,227.75049770000624,227.77136490002158,228.2249452000251,228.2373074000061,229.03856169999926,
Living_Things\Flowers\carnation.jpg,living,left,1,0.8086105999827851,0.014321599999675527,0.7942889999831095,5,11,normal,left,214.5207649000222,229.04910770000424,229.07097080000676,229.51279100001557,229.5212761000148,230.30510440000216,
Living_Things\Flowers\daisy.jpg,living,left,1,0.7307539000175893,0.018413100013276562,0.7123408000043128,5,12,normal,left,214.5207649000222,230.31553449999774,230.3382266999979,230.79181880000397,230.80462080001598,231.50513970002066,
Nonliving_Things\Buildings\lighthouse.jpg,nonliving,right,1,0.9807522999763023,0.019651599985081702,0.9611006999912206,5,13,normal,left,214.5207649000222,231.516918600013,231.53770840002107,231.99135769999702,232.00451550001162,232.95526760001667,
Nonliving_Things\Furniture\rocking_chair.jpg,nonliving,right,1,0.8321816999814473,0.021467299986397848,0.8107143999950495,5,14,normal,left,214.5207649000222,232.96558509999886,232.9877571000252,233.44065370000317,233.45496309999726,234.25538350001443,
Living_Things\Flowers\sunflower.jpg,living,left,1,0.7230671000143047,0.013612200011266395,0.7094549000030383,5,15,normal,left,214.5207649000222,234.26561780000338,234.28757360001327,234.73362900002394,234.74114060000284,235.4386771999998,
Nonliving_Things\Clothing\coat.jpg,nonliving,right,1,0.7073991000070237,0.01685050001833588,0.6905485999886878,5,16,normal,left,214.5207649000222,235.4505548000161,235.4717023000121,235.91529810000793,235.92501140001696,236.60530429999926,
Nonliving_Things\Musical_Inst\harmonica.jpg,nonliving,right,1,0.7921953000186477,0.4295668000122532,0.36262850000639446,5,17,normal,left,214.5207649000222,236.61553670000285,236.63793960001203,237.08245380001608,237.50419820001116,237.85586830001557,
Living_Things\Birds\penguin.jpg,living,left,1,0.9914353000058327,0.013286600005812943,0.9781487000000197,5,18,normal,left,214.5207649000222,237.86680129999877,237.88813690000097,238.33031550000305,238.33776940000826,239.30526429999736,
Nonliving_Things\Vehicles\motorbike.jpg,nonliving,right,1,0.8393200999998953,0.02690430000075139,0.8124157999991439,5,19,normal,left,214.5207649000222,239.31588560002274,239.33789000002434,239.7855705000111,239.80512000000454,240.60547229999793,
Nonliving_Things\Tools\chisel.jpg,nonliving,right,1,0.7501706999901216,0.02092159999301657,0.7292490999971051,5,20,normal,left,214.5207649000222,240.6175114000216,240.6380879000062,241.0899379000184,241.10460109999985,241.82219200002146,
Nonliving_Things\Kitchen_Uten\strainer.jpg,nonliving,right,1,0.7270144000067376,0.015140200004680082,0.7118742000020575,5,21,normal,left,214.5207649000222,241.83382540001185,241.85514650002006,242.29562530000112,242.30477529999916,243.00539790000767,
Living_Things\Animals\turtle.jpg,living,right,0,0.8455959999992047,0.021954600000754,0.8236413999984507,5,22,normal,left,214.5207649000222,243.016618499998,243.03824039999745,243.4971765000082,243.50895519999904,244.32207980001112,
Living_Things\Birds\hummingbird.jpg,living,left,1,1.5437390000151936,0.016225900006247684,1.527513100008946,5,23,normal,left,214.5207649000222,244.3325606000144,244.35436590001336,244.7964155000227,244.8049429000239,246.32195320000756,
Living_Things\Animals\bat.jpg,living,left,1,0.8946501000027638,0.016409299976658076,0.8782408000261057,5,24,normal,left,214.5207649000222,246.3324369000038,246.3544821999967,246.79470340002445,246.8050026000128,247.6720631000062,
Living_Things\Flowers\geranium.jpg,living,left,1,0.927576299989596,0.016492399998242036,0.911083899991354,5,25,normal,left,214.5207649000222,247.68320820000372,247.70464250000077,248.14498140002252,248.15542120000464,249.0555271000194,
Nonliving_Things\Clothing\trousers.jpg,nonliving,right,1,0.891583399992669,0.013726900011533871,0.8778564999811351,5,26,normal,left,214.5207649000222,249.06646530001308,249.088319100003,249.53069340001093,249.53786480001872,250.40518410000368,
Living_Things\Birds\owl.jpg,living,left,1,1.02790119999554,0.015651099995011464,1.0122501000005286,5,27,normal,left,214.5207649000222,250.41570650000358,250.43805330002215,250.87860930000897,250.88795040000696,251.88883840001654,
Living_Things\Animals\giraffe.jpg,living,left,1,0.8213716000027489,0.012737700017169118,0.8086338999855798,5,28,normal,left,214.5207649000222,251.9001831000205,251.92164460002095,252.36767200002214,252.37470390001545,253.17216340001323,
Living_Things\Birds\rooster.jpg,living,left,1,0.9169732000154909,0.010636799997882918,0.906336400017608,5,29,normal,left,214.5207649000222,253.18330170001718,253.20486640001764,253.6549750000122,253.65949060002458,254.55512900001486,
Living_Things\Insects\cockroach.jpg,living,left,1,0.9181663999916054,0.023832000006223097,0.8943343999853823,5,30,normal,left,214.5207649000222,254.56579990001046,254.5882104000193,255.03899070000625,255.05530720000388,255.9388872999989,
Nonliving_Things\Vehicles\skateboard.jpg,nonliving,right,1,0.97107469997718,0.009940899995854124,0.9611337999813259,6,1,pressure,left,261.42577260002145,261.4257838000194,262.1543714000145,262.59852470000624,262.60439849999966,263.5553962000122,
Nonliving_Things\Tools\bit.jpg,nonliving,right,1,0.8013479000073858,0.47305749999941327,0.3282904000079725,6,2,pressure,left,261.42577260002145,263.5655079999997,263.58773190001375,264.03558090000297,264.50478300001123,264.82201430000714,
Nonliving_Things\Buildings\palace.jpg,nonliving,right,1,0.6232191000017338,0.32751919998554513,0.2956999000161886,6,3,pressure,left,261.42577260002145,264.832973600016,264.8543834000011,265.2980494000076,265.62126490002265,265.90548270000727,
Nonliving_Things\Furniture\armchair.jpg,nonliving,right,1,0.6577998999855481,0.013249399984488264,0.6445505000010598,6,4,pressure,left,261.42577260002145,265.9169227000093,265.9378488000075,266.37934230000246,266.38803170001484,267.0218892999983,
Living_Things\Insects\dragonfly.jpg,living,left,1,0.7548822999815457,0.008798900002148002,0.7460833999793977,6,5,pressure,left,261.42577260002145,267.0325431000092,267.0547525000002,267.4825587000232,267.48782320000464,268.2219582000107,
Nonliving_Things\Vehicles\plane.jpg,nonliving,right,1,0.9739162999903783,0.012006300006760284,0.961909999983618,6,6,pressure,left,261.42577260002145,268.2338989000127,268.254528200021,268.7010748000175,268.7058121000009,269.6557731000066,
Living_Things\Animals\tiger.jpg,living,left,1,0.6544265999982599,0.008400999999139458,0.6460255999991205,6,7,pressure,left,261.42577260002145,269.6676739999966,269.6878496000136,270.1334903000097,270.1379175000184,270.77210600001854,
Nonliving_Things\Musical_Inst\accordion.jpg,nonliving,right,1,0.9720679000020027,0.026696700020693243,0.9453711999813095,6,8,pressure,left,261.42577260002145,270.78402190000634,270.804627000005,271.2500168000115,271.2712969999993,272.20569970001816,
Nonliving_Things\Tools\axe.jpg,nonliving,right,1,0.7251019999966957,0.013554599980125204,0.7115474000165705,6,9,pressure,left,261.42577260002145,272.2166533000127,272.2378054000146,272.6791137000255,272.68833090001135,273.3887107000046,
Nonliving_Things\Buildings\cathedral.jpg,nonliving,right,1,0.77459159999853,0.1470285999821499,0.6275630000163801,6,10,pressure,left,261.42577260002145,273.3998391000205,273.4212551000237,273.86355930002173,274.0048200000019,274.6218997000251,
Living_Things\Trees\holm_oak.jpg,living,left,1,0.7995525999867823,0.008330799988470972,0.7912217999983113,6,11,pressure,left,261.42577260002145,274.6323320000083,274.65473450001446,275.1043940000236,275.1082282999996,275.888697700022,
Nonliving_Things\Tools\cold_chisel.jpg,nonliving,right,1,0.6388789000047836,0.010613399994326755,0.6282655000104569,6,12,pressure,left,261.42577260002145,275.89943190000486,275.9214910000155,276.3664590000117,276.3723938000039,276.9889855000074,
Nonliving_Things\Buildings\silo.JPG,nonliving,right,1,0.7456894000060856,0.017723600001772866,0.7279658000043128,6,13,pressure,left,261.42577260002145,277.0006261000235,277.0214285000111,277.459222400008,277.47137520002434,278.1892242000031,
Living_Things\Trees\cypress.jpg,living,left,1,1.0775820999988355,0.01513909999630414,1.0624430000025313,6,14,pressure,left,261.42577260002145,278.19932929999777,278.22127560002264,278.6621179000067,278.6713309000188,279.7224157000019,
Nonliving_Things\Kitchen_Uten\peeler.jpg,nonliving,right,1,0.7011251999938395,0.008158899989211932,0.6929663000046276,6,15,pressure,left,261.42577260002145,279.7337771000166,279.7549621000071,280.20305989999906,280.2067801000085,280.8891300999967,
Living_Things\Flowers\orchid.jpg,living,left,1,0.7597173000103794,0.014026099990587682,0.7456912000197917,6,16,pressure,left,261.42577260002145,280.89971940001124,280.9214411000139,281.3643231000169,281.3713861000142,282.1054256000207,
Nonliving_Things\Buildings\factory.jpg,nonliving,right,1,0.7423978000006173,0.013494099985109642,0.7289037000155076,6,17,pressure,left,261.42577260002145,282.11706190000405,282.1379995000025,282.57944570001564,282.5881763000216,283.30573550000554,
Living_Things\Animals\tapir.jpg,living,left,1,0.7249073999992106,0.012791700020898134,0.7121156999783125,6,18,pressure,left,261.42577260002145,283.31706020000274,283.33801130001666,283.7803300000087,283.7882615000126,284.48920890002046,
Living_Things\Insects\mosquito.jpg,living,left,1,0.7272807999979705,0.015150399995036423,0.712130400002934,6,19,pressure,left,261.42577260002145,284.5003485000052,284.521390400012,284.9630698999972,284.97144580000895,285.6728832000226,
Nonliving_Things\Tools\leveller.jpg,nonliving,right,1,0.946036000008462,0.017315000004600734,0.9287210000038613,6,20,pressure,left,261.42577260002145,285.68356100001256,285.7049389000167,286.1438674000092,286.1551284000161,287.0723939000163,
Nonliving_Things\Musical_Inst\guitar.jpg,nonliving,right,1,0.6960852000047453,0.018580400006612763,0.6775047999981325,6,21,pressure,left,261.42577260002145,287.0838110000186,287.104954600014,287.5601580000075,287.57227840000996,288.2392486000026,
Living_Things\Animals\tapir.jpg,living,left,1,0.9236042000120506,0.015187700017122552,0.908416499994928,6,22,pressure,left,261.42577260002145,288.2497174000018,288.2715498000034,288.69955420002225,288.7083774000057,289.6058123999974,
Nonliving_Things\Tools\nut.jpg,nonliving,right,1,0.8334310999780428,0.021324000001186505,0.8121070999768563,6,23,pressure,left,261.42577260002145,289.6167803000135,289.6382763000147,290.0722405000124,290.0884419000067,290.8894260000088,
Living_Things\Trees\cypress.jpg,living,left,1,0.7473795000114478,0.018975399987539276,0.7284041000239085,6,24,pressure,left,261.42577260002145,290.90051440001116,290.9214540000248,291.3595691000228,291.3716774000204,292.0894189000246,
Nonliving_Things\Buildings\house.jpg,nonliving,right,1,1.0204403000243474,0.02458409999962896,0.9958562000247184,6,25,pressure,left,261.42577260002145,292.1000663000159,292.1215274000133,292.5570158000046,292.5719189000083,293.55615180000314,
Living_Things\Animals\crocodile.jpg,living,left,1,0.7204260999860708,0.024496099998941645,0.6959299999871291,6,26,pressure,left,261.42577260002145,293.56768710000324,293.58828690001974,294.02481250002165,294.03870870001265,294.7227977000002,
Nonliving_Things\Furniture\rocking_chair.jpg,nonliving,right,1,0.7848736000014469,0.022671500017168,0.7622020999842789,6,27,pressure,left,261.42577260002145,294.7345936000056,294.7551011000178,295.1925209000183,295.2050650000165,295.9561149000074,
Living_Things\Insects\centipede.jpg,living,left,1,0.8191096999798901,0.02485970000270754,0.7942499999771826,6,28,pressure,left,261.42577260002145,295.9672432000225,295.9883676000172,296.42288389999885,296.43843280000146,297.22257360001095,
Nonliving_Things\Tools\handsaw.jpg,nonliving,right,1,0.8377747999911662,0.025050399999599904,0.8127243999915663,6,29,pressure,left,261.42577260002145,297.23266440001316,297.25524890000816,297.6886242000037,297.7052551000088,298.5060218000144,
Living_Things\Animals\snake.jpg,living,left,1,0.7851684000052046,0.02405700000235811,0.7611114000028465,6,30,pressure,left,261.42577260002145,298.51795290000155,298.5384507999988,298.97521260002395,298.98858870001277,299.7394763000193,
Nonliving_Things\Kitchen_Uten\fondue.jpg,nonliving,right,1,1.134180400025798,0.47248510000645183,0.6616953000193462,7,1,normal,left,303.5589162000106,303.55892710000626,304.60527950001415,305.0394099999976,305.505719400011,306.1562104000186,
Nonliving_Things\Musical_Inst\drum.jpg,nonliving,right,1,1.1706184000067879,0.023997300013434142,1.1466210999933537,7,2,normal,left,303.5589162000106,306.1673456999997,306.18888610001886,306.6245954000042,306.6386900000216,307.7733720999968,
Living_Things\Trees\fir.jpg,living,left,1,1.1229716000088956,0.16044770000735298,0.9625239000015426,7,3,normal,left,303.5589162000106,307.78528700000606,307.80522239999846,308.2353012000094,308.38875610000105,309.3391930000216,
Nonliving_Things\Kitchen_Uten\small_saucepan.jpg,nonliving,right,1,0.8713151999982074,0.45971550000831485,0.41159969998989254,7,4,normal,left,303.5589162000106,309.3512231000059,309.3719151999976,309.8073437999992,310.25652620001347,310.65630290002446,
Nonliving_Things\Vehicles\plane.jpg,nonliving,right,1,1.6917630000098143,0.5973922999983188,1.0943707000114955,7,5,normal,left,303.5589162000106,310.66808640002273,310.68940410000505,311.11567330002435,311.7067810000153,312.78978650001227,
Nonliving_Things\Furniture\armchair.jpg,nonliving,right,1,0.9165238999994472,0.008641699998406693,0.9078822000010405,7,6,normal,left,303.5589162000106,312.8011142000032,312.8219419000088,313.23851470000227,313.2431455000187,314.1396186000202,
Living_Things\Animals\giraffe.jpg,living,left,1,1.2500331999908667,0.05558970000129193,1.1944434999895748,7,7,normal,left,303.5589162000106,314.15099069999997,314.1731612000149,314.5870448000205,314.6389060000074,315.82292550001875,
Living_Things\Insects\butterfly.jpg,living,left,1,1.017945100000361,0.15657639998244122,0.8613687000179198,7,8,normal,left,303.5589162000106,315.833317600016,315.855372799997,316.2890746000048,316.4389380000066,317.28962120000506,
Nonliving_Things\Furniture\lamp.jpg,nonliving,right,1,1.2538767000078224,0.024189000017940998,1.2296876999898814,7,9,normal,left,303.5589162000106,317.30024630000116,317.32204090000596,317.75709030000144,317.77227539999876,318.9899282999977,
Nonliving_Things\Buildings\factory.jpg,nonliving,right,1,1.0745235000213142,0.014100900007179007,1.0604226000141352,7,10,normal,left,303.5589162000106,319.00193570001284,319.0223032000067,319.4488945000048,319.457084499998,320.5064115000132,
Nonliving_Things\Clothing\biretta.jpg,nonliving,right,1,1.7859270999906585,0.01082759999553673,1.7750994999951217,7,11,normal,left,303.5589162000106,320.51750240000547,320.5387833999994,320.96994570002425,320.97506690002047,322.7399337000097,
Living_Things\Birds\duck.jpg,living,left,1,1.7452892000146676,0.018673300015507266,1.7266158999991603,7,12,normal,left,303.5589162000106,322.7501356000139,322.7721931000124,323.19801560000633,323.2070418000221,324.9232473000011,
Nonliving_Things\Kitchen_Uten\saucepan.jpg,nonliving,right,1,1.1215328999969643,0.5931718999927398,0.5283610000042245,7,13,normal,left,303.5589162000106,324.933543799998,324.95570180000504,325.38394770000014,325.97242020000704,326.4900642000139,
Nonliving_Things\Clothing\trousers.jpg,nonliving,right,1,0.9242014999908861,0.013938599993707612,0.9102628999971785,7,14,normal,left,303.5589162000106,326.50074370001676,326.52215020000585,326.9490705000062,326.9572562999965,327.8567777000135,
Living_Things\Birds\goose.jpg,living,left,1,1.4532727000187151,0.5073274000023957,0.9459453000163194,7,15,normal,left,303.5589162000106,327.86746400000993,327.8892139000236,328.3206083000114,328.82256739999866,329.7565647000156,
Living_Things\Insects\cockroach.jpg,living,left,1,0.989587299991399,0.027986600005533546,0.9616006999858655,7,16,normal,left,303.5589162000106,329.7684699000092,329.78918910000357,330.2172292000032,330.23932920000516,331.1893339000235,
Living_Things\Birds\seagull.jpg,living,right,0,1.871948899992276,0.009205400012433529,1.8627434999798425,7,17,normal,left,303.5589162000106,331.200909200008,331.2224964000052,331.65131519999704,331.65593190002255,333.5067277000053,
Living_Things\Animals\hippopotamus.jpg,living,left,1,1.339055999997072,0.011392600019462407,1.3276633999776095,7,18,normal,left,303.5589162000106,333.5186493000074,333.5390086999978,333.9689132000203,333.9742370000167,335.29017280001426,
Living_Things\Insects\praying_mantis.jpg,living,left,1,0.9847173000162002,0.02356220001820475,0.9611550999979954,7,19,normal,left,303.5589162000106,335.30184010000085,335.32237290000194,335.75781010001083,335.7725131000043,336.7232557000243,
Living_Things\Insects\termite.jpg,living,left,1,0.986769600014668,0.024429400014923885,0.9623401999997441,7,20,normal,left,303.5589162000106,336.7336482000246,336.7559828000085,337.1917289000121,337.2058688000252,338.15652780001983,
Nonliving_Things\Clothing\shoe.jpg,nonliving,right,1,0.958402299991576,0.012385500012896955,0.946016799978679,7,21,normal,left,303.5589162000106,338.16818930002046,338.1891991000157,338.61570490000304,338.62275000000955,339.5570557000174,
Nonliving_Things\Musical_Inst\harp.jpg,nonliving,right,1,0.9193270999821834,0.010084899986395612,0.9092421999957878,7,22,normal,left,303.5589162000106,339.56872100001783,339.5891941000009,340.0209262999997,340.02560210000956,340.92403059999924,
Living_Things\Animals\cheetah.jpg,living,right,0,1.5415953999909107,0.0462546999915503,1.4953406999993604,7,23,normal,left,303.5589162000106,340.93481330000213,340.9558348999999,341.3828508000006,341.4224996000121,342.9069128000119,
Living_Things\Birds\pigeon.jpg,living,left,1,1.0686796999943908,0.02404319998458959,1.0446365000098012,7,24,normal,left,303.5589162000106,342.91782630002126,342.9393786000146,343.37450260002515,343.3894615000172,344.42323290000786,
Nonliving_Things\Tools\pliers.jpg,nonliving,right,1,0.9233339999918826,0.011183499998878688,0.9121504999930039,7,25,normal,left,303.5589162000106,344.43407720001414,344.45580480000353,344.8836880000017,344.88947350002127,345.790046900016,
Living_Things\Birds\goldfinch.jpg,living,left,1,1.403568699985044,0.024843999999575317,1.3787246999854688,7,26,normal,left,303.5589162000106,345.8015885000059,345.82266000000527,346.25796889999765,346.27269820001675,347.6400615000166,
Nonliving_Things\Buildings\shanty.jpg,nonliving,right,1,1.3220106000080705,0.012417200021445751,1.3095933999866247,7,27,normal,left,303.5589162000106,347.65139720001025,347.6725542000204,348.10162830000627,348.10750140002347,349.406647900003,
Nonliving_Things\Buildings\skyscraper.jpg,nonliving,right,1,0.9888018000056036,0.012336900021182373,0.9764648999844212,7,28,normal,left,303.5589162000106,349.4170220000087,349.4392340000195,349.8692177000048,349.87530130002415,350.8403809000156,
Nonliving_Things\Vehicles\car.jpg,nonliving,right,1,0.8776933000190184,0.4497345000272617,0.4279587999917567,7,29,normal,left,303.5589162000106,350.851713800017,350.87293370001134,351.3163753999979,351.75640959999873,352.17389170001843,
Nonliving_Things\Vehicles\cart.jpg,nonliving,right,1,0.806366100005107,0.015914399991743267,0.7904517000133637,7,30,normal,left,303.5589162000106,352.18430280001485,352.20611440000357,352.6351949000091,352.64445790002355,353.4244781000016,
Nonliving_Things\Tools\pincers.jpg,nonliving,right,1,0.6348679999937303,0.3899678000016138,0.24490019999211654,8,1,pressure,left,355.2499581000011,355.2499684000213,355.85670560001745,356.2914967999968,356.6736486000009,356.9076081000094,
Nonliving_Things\Tools\axe.jpg,nonliving,right,1,0.6733391000016127,0.014778000011574477,0.6585610999900382,8,2,pressure,left,355.2499581000011,356.91848970000865,356.939993100008,357.36917030002223,357.377029700001,358.0242432000232,
Nonliving_Things\Clothing\jacket.jpg,nonliving,right,1,0.5164725999929942,0.2885468999738805,0.22792570001911372,8,3,pressure,left,355.2499581000011,358.0355415000231,358.0569001999975,358.49696990000666,358.7738219000166,358.9906180000107,
Nonliving_Things\Buildings\palace.jpg,nonliving,right,1,0.5504187000042293,0.02239019999979064,0.5280285000044387,8,4,pressure,left,355.2499581000011,359.0017397000047,359.0237374000135,359.46053430001484,359.47396740000113,359.99089529999765,
Nonliving_Things\Clothing\coat.jpg,nonliving,right,1,0.955195000016829,0.012492100009694695,0.9427029000071343,8,5,pressure,left,355.2499581000011,360.0019570000004,360.0232478000107,360.45420380000724,360.4607881999982,361.3914534000214,
Nonliving_Things\Furniture\sofa.jpg,nonliving,right,1,0.6001550999935716,0.021789199992781505,0.5783659000007901,8,6,pressure,left,355.2499581000011,361.40345480002,361.42341509999824,361.8629529000027,361.8737267999968,362.4410545999999,
Living_Things\Insects\moth.jpg,living,right,0,0.6860488000093028,0.024007100000744686,0.6620417000085581,8,7,pressure,left,355.2499581000011,362.4520533000177,362.4738420000067,362.9091421000194,362.92355380000663,363.5738927000202,
Living_Things\Insects\grasshopper.jpg,living,right,0,0.8764956000086386,0.019325800007209182,0.8571698000014294,8,8,pressure,left,355.2499581000011,363.5855706000002,363.60673790000146,364.03542030000244,364.044865200005,364.89141170002404,
Living_Things\Birds\barn_owl.jpg,living,left,1,0.7334690999996383,0.02328639998449944,0.7101827000151388,8,9,pressure,left,355.2499581000011,364.90191600000253,364.9239608000207,365.36070730001666,365.3739403000218,366.07385460002115,
Nonliving_Things\Tools\leveller.jpg,nonliving,right,1,0.9995160999824293,0.020147200004430488,0.9793688999779988,8,10,pressure,left,355.2499581000011,366.0840840000019,366.10711130002164,366.5430423000071,366.5571974000195,367.5245824000158,
Nonliving_Things\Kitchen_Uten\frying_pan.jpg,nonliving,right,1,0.4846630000101868,0.012327700009336695,0.4723353000008501,8,11,pressure,left,355.2499581000011,367.53652809999767,367.5572054000222,367.99167690001195,367.99666050000815,368.45785020000767,
Living_Things\Insects\mosquito.jpg,living,left,1,0.7582412000047043,0.016776700009359047,0.7414644999953452,8,12,pressure,left,355.2499581000011,368.4689477000211,368.49029350001365,368.91822220000904,368.92798060001223,369.65795390002313,
Living_Things\Flowers\bellflowers.jpg,living,left,1,0.6375803000119049,0.014371800003573298,0.6232085000083316,8,13,pressure,left,355.2499581000011,369.6693935000221,369.6909108000109,370.1213970000099,370.1282566000009,370.7409466000099,
Living_Things\Flowers\daisy.jpg,living,left,1,0.6852192000078503,0.024454300000797957,0.6607649000070523,8,14,pressure,left,355.2499581000011,370.7514155000099,370.7739394000091,371.2101432000054,371.2239370000025,371.8743749000132,
Nonliving_Things\Tools\chisel.jpg,nonliving,,0,1.528459599998314,0.014388200012035668,1.5140713999862783,8,15,pressure,left,355.2499581000011,371.88471610000124,371.90759420001996,372.3363822000101,372.34401820000494,,373.65732900000876
Nonliving_Things\Buildings\pagoda.jpg,nonliving,right,1,0.7853061000059824,0.010864200012292713,0.7744418999936897,8,16,pressure,left,355.2499581000011,373.8581086000195,374.5403132000065,374.97244939999655,374.9777366000053,375.74099360001856,
Living_Things\Flowers\carnation.jpg,living,left,1,0.9212722000083886,0.013191700010793284,0.9080804999975953,8,17,pressure,left,355.2499581000011,375.752152400004,375.7739739000099,376.20416419999674,376.21109170001,377.1078904000169,
Living_Things\Flowers\geranium.jpg,living,left,1,0.6684351000003517,0.02416509998147376,0.6442700000188779,8,18,pressure,left,355.2499581000011,377.1191342000093,377.14084090001415,377.5769431000226,377.5907400000142,378.2244992000051,
Living_Things\Insects\scorpion.jpg,living,left,1,0.6525764999969397,0.013489200006006286,0.6390872999909334,8,19,pressure,left,355.2499581000011,378.23497590000625,378.2570697000192,378.6910318000009,378.6955833999964,379.3241654000012,
Nonliving_Things\Furniture\lectern.jpg,nonliving,right,1,0.7020057000045199,0.023923800006741658,0.6780818999977782,8,20,pressure,left,355.2499581000011,379.3346473000129,379.3571608000202,379.7954338999989,379.8073946000077,380.4745602000039,
Living_Things\Birds\hen.jpg,living,left,1,0.6852305000065826,0.02296500001102686,0.6622654999955557,8,21,pressure,left,355.2499581000011,380.4854415000009,380.5072779000038,380.9420989000064,380.95754180001677,381.607865900005,
Nonliving_Things\Musical_Inst\maracas.jpg,nonliving,right,1,0.8855648000026122,0.023890500015113503,0.8616742999874987,8,22,pressure,left,355.2499581000011,381.61977720001596,381.64045900001656,382.07806490000803,382.0913791000203,382.9413640999992,
Nonliving_Things\Kitchen_Uten\peeler.jpg,nonliving,right,1,0.62207009998383,0.013359400007175282,0.6087106999766547,8,23,pressure,left,355.2499581000011,382.95301570001175,382.9739235000161,383.4040176999988,383.4112116000033,384.0080588000128,
Nonliving_Things\Clothing\socks.jpg,nonliving,right,1,0.670070799998939,0.024800899991532788,0.6452699000074062,8,24,pressure,left,355.2499581000011,384.0198821000231,384.04060460001347,384.4767114999995,384.4908110999968,385.1246256000013,
Nonliving_Things\Kitchen_Uten\coking_pot.jpg,nonliving,right,1,0.7184118999866769,0.012891199992736802,0.7055206999939401,8,25,pressure,left,355.2499581000011,385.13604410001426,385.1577159000153,385.59125680002035,385.59578760000295,386.29120720000356,
Living_Things\Birds\rooster.jpg,living,left,1,1.0004148999869358,0.02335149998543784,0.9770634000014979,8,26,pressure,left,355.2499581000011,386.30128770001465,386.3240152000217,386.75987390000955,386.7745186999964,387.74091930000577,
Nonliving_Things\Furniture\bookcase.jpg,nonliving,right,1,0.6522165999922436,0.011988100013695657,0.6402284999785479,8,27,pressure,left,355.2499581000011,387.7515469000209,387.77419230001396,388.20650620001834,388.21227190000354,388.84161850000964,
Living_Things\Animals\cow.jpg,living,left,1,0.7477193000086118,0.019748800026718527,0.7279704999818932,8,28,pressure,left,355.2499581000011,388.85246580000967,388.87634400001843,389.3110211000021,389.3242946000246,390.04138239999884,
Living_Things\Animals\armadillo.jpg,living,left,1,0.7525185999984387,0.02329989999998361,0.7292186999984551,8,29,pressure,left,355.2499581000011,390.0522395000153,390.07431000002543,390.51015620000544,390.52424180001253,391.2416144000017,
Nonliving_Things\Kitchen_Uten\sharpening_steel.jpg,nonliving,right,1,0.6708693999971729,0.02657839999301359,0.6442910000041593,8,30,pressure,left,355.2499581000011,391.25342200000887,391.2740768000076,391.7089238000044,391.72437229999923,392.35832780000055,
Living_Things\Birds\raven.jpg,living,right,0,1.4023564000090118,0.6074525000003632,0.7949039000086486,9,1,normal,left,394.5259606000036,394.5259720000031,395.4078601000074,395.84428390001995,396.4416205000016,397.2250169000181,
Living_Things\Birds\kiwi.jpg,living,right,0,1.3554086000076495,0.013603800005512312,1.3418048000021372,9,2,normal,left,394.5259606000036,397.2364795000176,397.2580932000128,397.6879874000151,397.69475740002235,399.02503270001034,
Living_Things\Flowers\orchid.jpg,living,left,1,0.7875941000238527,0.013788700016448274,0.7738054000074044,9,3,normal,left,394.5259606000036,399.03652580000926,399.05770800000755,399.48762550001265,399.4948558000033,400.2582004000142,
Living_Things\Insects\ladybird.jpg,living,left,1,0.8594599000061862,0.014933400001609698,0.8445265000045765,9,4,normal,left,394.5259606000036,400.26862220000476,400.2907779000234,400.7197039000166,400.72771500001545,401.5602101999975,
Living_Things\Trees\cedar.jpg,living,left,1,1.05019780001021,0.022777700010919943,1.02742009999929,9,5,normal,left,394.5259606000036,401.5721838000172,401.59143510001013,402.0282586000103,402.0409496000211,403.05821850002394,
Nonliving_Things\Buildings\cathedral.jpg,nonliving,right,1,0.9173017999855801,0.021356799989007413,0.8959449999965727,9,6,normal,left,394.5259606000036,403.06834240001626,403.0909066000022,403.5298175000062,403.54113789999974,404.42508180000004,
Living_Things\Trees\black_poplar.jpg,living,left,1,1.0220331000164151,0.013988999999128282,1.0080441000172868,9,7,normal,left,394.5259606000036,404.4370480000216,404.4574004000169,404.88693830001284,404.89453220000723,405.89169760001823,
Nonliving_Things\Tools\nail.jpg,nonliving,right,1,0.906370299984701,0.01381149998633191,0.8925587999983691,9,8,normal,left,394.5259606000036,405.9025365000125,405.92481970001245,406.35399210001924,406.36150650001946,407.24200759999803,
Nonliving_Things\Musical_Inst\saxophone.jpg,nonliving,right,1,0.9020342000003438,0.10810310000670142,0.7939310999936424,9,9,normal,left,394.5259606000036,407.2540442000027,407.276675000001,407.7075014000002,407.8084527000028,408.59196230000816,
Living_Things\Animals\lioness.jpg,living,left,1,1.3538579999876674,0.012802199984434992,1.3410558000032324,9,10,normal,left,394.5259606000036,408.6023456999974,408.6243253000139,409.05520280002384,409.06167690001894,410.39118420000887,
Living_Things\Flowers\poppy.jpg,living,left,1,0.7864890999917407,0.012723199994070455,0.7737658999976702,9,11,normal,left,394.5259606000036,410.4026930000109,410.42464480001945,410.8564041000209,410.8623656000127,411.62512330000754,
Nonliving_Things\Furniture\wardrobe.jpg,nonliving,right,1,0.869441300019389,0.05901340002310462,0.8104278999962844,9,12,normal,left,394.5259606000036,411.6360896000115,411.65765580002335,412.08909819999826,412.14147430000594,412.9413263000024,
Nonliving_Things\Vehicles\ship.jpg,nonliving,right,1,1.433483700006036,0.022054400003980845,1.4114293000020552,9,13,normal,left,394.5259606000036,412.951889900025,412.9745357000211,413.40957730001537,413.4246788000164,414.82509130000835,
Living_Things\Flowers\tulip.jpg,living,left,1,0.8649255000054836,0.02055849999305792,0.8443670000124257,9,14,normal,left,394.5259606000036,414.83607060002396,414.8579269000038,415.2936566999997,415.30818380002165,416.141657900007,
Living_Things\Insects\ant.jpg,living,left,1,1.4364856000174768,0.025386200024513528,1.4110993999929633,9,15,normal,left,394.5259606000036,416.1525298000197,416.1742613000097,416.60973890000605,416.62490210001124,418.0252654000069,
Living_Things\Trees\holm_oak.jpg,living,left,1,0.8490750000055414,0.020599800016498193,0.8284751999890432,9,16,normal,left,394.5259606000036,418.0359762000153,418.05842080002185,418.4980525000137,418.508381200023,419.32525170000736,
Living_Things\Birds\partridge.jpg,living,left,1,1.083130999992136,0.013851199997588992,1.069279799994547,9,17,normal,left,394.5259606000036,419.3368294000102,419.35797360001015,419.79281520002405,419.7991745000181,420.8583114000212,
Nonliving_Things\Furniture\chair.jpg,nonliving,right,1,0.7851392999873497,0.010876099986489862,0.7742632000008598,9,18,normal,left,394.5259606000036,420.86843500001123,420.89155710002524,421.3237399000209,421.3286577000108,422.0920640999975,
Nonliving_Things\Tools\hammer.jpg,nonliving,right,1,0.8870226000144612,0.1093103000021074,0.7777123000123538,9,19,normal,left,394.5259606000036,422.1029524000187,422.12442269999883,422.555614300014,422.65847730002133,423.42545070001506,
Nonliving_Things\Clothing\glove.jpg,nonliving,right,1,1.1179658999899402,0.0234004000085406,1.0945654999813996,9,20,normal,left,394.5259606000036,423.4361506999994,423.4581084000238,423.8950244000007,423.9080812000029,424.9922405000252,
Nonliving_Things\Furniture\couch.jpg,nonliving,right,1,0.7674917000113055,0.021588000003248453,0.7459037000080571,9,21,normal,left,394.5259606000036,425.00261170000886,425.02467020001495,425.4632454000239,425.4747649000201,426.2090023000201,
Nonliving_Things\Musical_Inst\balalaika.jpg,nonliving,right,1,0.7904016000102274,0.11149149999255314,0.6789101000176743,9,22,normal,left,394.5259606000036,426.22064169999794,426.24149840002065,426.6702813000011,426.7750152000226,427.44211190001806,
Nonliving_Things\Tools\cold_chisel.jpg,nonliving,right,1,0.7714664000086486,0.0255044000223279,0.7459619999863207,9,23,normal,left,394.5259606000036,427.4538888000243,427.47465300001204,427.91280960000586,427.9249114000122,428.6592116000247,
Nonliving_Things\Buildings\pyramid.jpg,nonliving,right,1,0.801497099979315,0.011066899984143674,0.7904301999951713,9,24,normal,left,394.5259606000036,428.6708381000208,428.69138280002517,429.12303980000434,429.1285295000125,429.9085266000184,
Living_Things\Insects\spider.jpg,living,left,1,0.9351539999770466,0.024229299975559115,0.9109247000014875,9,25,normal,left,394.5259606000036,429.9189411000116,429.94125270002405,430.3802190000133,430.3917815000168,431.2921145000146,
Living_Things\Birds\pelican.jpg,living,right,0,1.2537655999767594,0.01163649998488836,1.242129099991871,9,26,normal,left,394.5259606000036,431.30267090001144,431.3245046000229,431.7382101000112,431.7452063000237,432.9756714999967,
Nonliving_Things\Kitchen_Uten\teapot.jpg,nonliving,right,1,0.9019737000053283,0.010170199995627627,0.8918035000097007,9,27,normal,left,394.5259606000036,432.9872957000043,433.0086526000232,433.4228514000133,433.42860430001747,434.30925030002254,
Living_Things\Flowers\pansy.jpg,living,left,1,0.8524816000135615,0.39085640001576394,0.4616251999977976,9,28,normal,left,394.5259606000036,434.32036130002234,434.3413797999965,434.755575600022,435.14161430002423,435.5919951000251,
Living_Things\Animals\zebra.jpg,living,left,1,0.8856499000103213,0.009896000003209338,0.875753900007112,9,29,normal,left,394.5259606000036,435.6032277000195,435.625205999997,436.0400020000234,436.0452706000069,436.9089237000153,
Nonliving_Things\Vehicles\motorbike.jpg,nonliving,right,1,0.8837199000117835,0.008657800004584715,0.8750621000071988,9,30,normal,left,394.5259606000036,436.92103580001276,436.941367899999,437.35800540001947,437.3614836000197,438.2256740000157,
Living_Things\Insects\dragonfly.jpg,living,left,1,1.1176150999963284,0.37207549999584444,0.7455396000004839,10,1,pressure,left,439.7939754000108,439.7939871000126,440.2747671000252,440.6923785000108,441.0585015999968,441.7920892999973,
Living_Things\Animals\cat.jpg,living,left,1,0.685796300007496,0.011077600007411093,0.6747187000000849,10,2,pressure,left,439.7939754000108,441.80402300000424,441.82494980000774,442.2397259999998,442.24557880000793,442.9087446000194,
Living_Things\Trees\fig_tree.jpg,living,left,1,0.7370249999803491,0.025013199978275225,0.7120118000020739,10,3,pressure,left,439.7939754000108,442.9202709000092,442.94139040002483,443.35518090002006,443.37523510001483,444.0761449999991,
Living_Things\Animals\kangaroo.jpg,living,left,1,0.7522121999936644,0.010641100001521409,0.741571099992143,10,4,pressure,left,439.7939754000108,444.0872035000066,444.1085931000125,444.5231187000172,444.5287373000174,445.2588466000161,
Nonliving_Things\Tools\screwdriver.jpg,nonliving,right,1,0.7012701999919955,0.024257999990368262,0.6770122000016272,10,5,pressure,left,439.7939754000108,445.2702990999969,445.29159010000876,445.728414000012,445.74230900002294,446.40909790000296,
Living_Things\Birds\penguin.jpg,living,left,1,0.7919516999972984,0.01733619999140501,0.7746155000058934,10,6,pressure,left,439.7939754000108,446.4192838000017,446.44189360001474,446.8706422999967,446.8783878000104,447.6424671999994,
Nonliving_Things\Tools\showel.jpg,nonliving,right,1,0.7359298000228591,0.025189200008753687,0.7107406000141054,10,7,pressure,left,439.7939754000108,447.6529855999979,447.67526910000015,448.110038600018,448.12597890000325,448.8259437000088,
Nonliving_Things\Furniture\bedside_table.jpg,nonliving,right,1,0.7856528999982402,0.47321860000374727,0.3124342999944929,10,8,pressure,left,439.7939754000108,448.8366850000166,448.8584860000119,449.2977788000135,449.75877980000223,450.0591490000079,
Living_Things\Flowers\sunflower.jpg,living,left,1,1.0556042000243906,0.014671300014015287,1.0409329000103753,10,9,pressure,left,439.7939754000108,450.071191199997,450.0918297000171,450.5220238000038,450.5293383000244,451.55909580001025,
Living_Things\Animals\horse.jpg,living,left,1,0.5831669000035618,0.02127739999559708,0.5618895000079647,10,10,pressure,left,439.7939754000108,451.57021100001293,451.5923324000032,452.03191070002504,452.04209180001635,452.59255770000163,
Nonliving_Things\Vehicles\van.jpg,nonliving,right,1,0.8140799000102561,0.018793399998685345,0.7952865000115708,10,11,pressure,left,439.7939754000108,452.6039497000165,452.6254631000047,453.06279429999995,453.0757659000228,453.859277200012,
Nonliving_Things\Musical_Inst\harmonica.jpg,nonliving,right,1,0.7831542000058107,0.02169809999759309,0.7614561000082176,10,12,pressure,left,439.7939754000108,453.87105169999995,453.89193900002283,454.3270955000189,454.3420882000064,455.0927919000096,
Nonliving_Things\Tools\screw.jpg,nonliving,right,1,0.6347547000041232,0.013432500010821968,0.6213221999933012,10,13,pressure,left,439.7939754000108,455.1035029000195,455.1259596000018,455.5599741000042,455.5651939000236,456.1760676999984,
Nonliving_Things\Clothing\cap.jpg,nonliving,right,1,0.7545528000046033,0.014602000010199845,0.7399507999944035,10,14,pressure,left,439.7939754000108,456.1864853000152,456.2088791000133,456.63936440000543,456.64682910000556,457.3762598000176,
Living_Things\Animals\dromedary.jpg,living,left,1,0.7205421999969985,0.013620999990962446,0.7069212000060361,10,15,pressure,left,439.7939754000108,457.3867348000058,457.41095089999726,457.83878130000085,457.8459316000226,458.54272650001803,
Nonliving_Things\Kitchen_Uten\fork.jpg,nonliving,right,1,1.13864449999528,0.013730499980738387,1.1249140000145417,10,16,pressure,left,439.7939754000108,458.5528156000073,458.5754858000146,459.00558370002545,459.01257970000734,460.1263510000135,
Nonliving_Things\Vehicles\paragliding.jpg,nonliving,left,0,1.0315901000285521,0.02104470002814196,1.0105454000004102,10,17,pressure,left,439.7939754000108,460.13745500001824,460.1588023000222,460.5946323000244,460.609406500007,461.6094562000071,
Nonliving_Things\Vehicles\bus.jpg,nonliving,right,1,0.816882400016766,0.02163709999877028,0.7952453000179958,10,18,pressure,left,439.7939754000108,461.61991740000667,461.64244480000343,462.0812380000134,462.0923280999996,462.876347900019,
Living_Things\Flowers\lilac.jpg,living,left,1,0.678418800001964,0.017048399982741103,0.6613704000192229,10,19,pressure,left,439.7939754000108,462.8875267000112,462.90863820002414,463.3498476000095,463.3587773000181,464.00951630002237,
Nonliving_Things\Clothing\clog.jpg,nonliving,right,1,0.6887077999999747,0.01479830002062954,0.6739094999793451,10,20,pressure,left,439.7939754000108,464.0201141000143,464.0419294000021,464.4718800999981,464.47941090000677,465.14291000002413,
Nonliving_Things\Vehicles\scooter.jpg,nonliving,right,1,0.7016694000049029,0.012881400005426258,0.6887879999994766,10,21,pressure,left,439.7939754000108,465.15326500000083,465.1758418000245,465.6099587000208,465.6152983000211,466.2929555000155,
Living_Things\Insects\wasp.jpg,living,left,1,0.6969840000092518,0.33609480000450276,0.360889200004749,10,22,pressure,left,439.7939754000108,466.30405740000424,466.3252974000061,466.76659510002355,467.0923021000053,467.4428370000096,
Living_Things\Trees\olive_tree.jpg,living,left,1,0.7319079000153579,0.020645500015234575,0.7112624000001233,10,23,pressure,left,439.7939754000108,467.45321000000695,467.47529230001965,467.9142951000249,467.92551070000627,468.6262046000047,
Living_Things\Flowers\rose.jpg,living,left,1,0.6397977000160608,0.015135800000280142,0.6246619000157807,10,24,pressure,left,439.7939754000108,468.63674040001933,468.65886350002256,469.08729720002157,469.09590120002395,469.70940960000735,
Nonliving_Things\Vehicles\skateboard.jpg,nonliving,right,1,0.6535552999994252,0.01502059999620542,0.6385347000032198,10,25,pressure,left,439.7939754000108,469.72049400000833,469.74201350001385,470.1732310000225,470.18154479999794,470.809716400021,
Living_Things\Birds\hummingbird.jpg,living,left,1,0.7679833000001963,0.01112079998711124,0.7568625000130851,10,26,pressure,left,439.7939754000108,470.8200299000018,470.8418387999991,471.2767068000103,471.2812114999979,472.026230700023,
Nonliving_Things\Buildings\silo.JPG,nonliving,right,1,0.7522931999992579,0.024301800003740937,0.727991399995517,10,27,pressure,left,439.7939754000108,472.0380529999966,472.05907149999985,472.4957209000131,472.50941290002083,473.2261314000061,
Living_Things\Animals\rhino.jpg,living,left,1,0.7005901999946218,0.022195099998498335,0.6783950999961235,10,28,pressure,left,439.7939754000108,473.23736990001635,473.25957840000046,473.6981111000059,473.709706499998,474.37653850001516,
Nonliving_Things\Buildings\church.jpg,nonliving,right,1,0.8332408999849577,0.02230089998920448,0.8109399999957532,10,29,pressure,left,439.7939754000108,474.3880644000019,474.4091989000153,474.8438460000034,474.85949420000543,475.6598817000049,
Nonliving_Things\Musical_Inst\piano_.jpg,nonliving,right,1,0.683525499975076,0.02147719997446984,0.6620483000006061,10,30,pressure,left,439.7939754000108,475.67039290000685,475.69291220000014,476.12975040002493,476.1424706999969,476.79319940001005,
